-- ===================================
-- SEED DATA ЗА БИБЛИОТЕЧНА СИСТЕМА
-- Дата: 07 Декември 2025
-- ===================================

-- ЖАНРОВЕ (Genres)
INSERT INTO Genres (Name, Description) VALUES 
('Художествена литература', 'Романи, разкази, новели'),
('Научна фантастика', 'Фантастична литература с научни елементи'),
('Детективи и трилъри', 'Криминални романи и мистерии'),
('Романтика', 'Любовни романи'),
('Биография', 'Истории за реални личности'),
('История', 'Исторически книги и документи'),
('Наука', 'Научни изследвания и открития'),
('Философия', 'Философски трудове'),
('Поезия', 'Стихосбирки и поетични творби'),
('Детска литература', 'Книги за деца'),
('Образователна литература', 'Учебници и помагала'),
('Бизнес и икономика', 'Книги за бизнес'),
('Психология', 'Психологически изследвания'),
('Религия', 'Религиозни текстове'),
('Изкуство', 'Книги за изкуство и култура');

-- КАТЕГОРИИ (Categories) 
INSERT INTO Categories (Name, Description, ItemType) VALUES
('Обща литература', 'Общи книги', 0), -- Book = 0
('Научни издания', 'Научни книги и статии', 0),
('Справочна литература', 'Речници, енциклопедии', 0),
('Детска секция', 'Книги за деца', 0),
('Периодика - Вестници', 'Ежедневни и седмични вестници', 1), -- Newspaper = 1
('Периодика - Списания', 'Месечни и тримесечни списания', 2), -- Journal = 2
('Специализирани издания', 'Специализирана литература', 3); -- Periodical = 3

-- ИЗДАТЕЛИ (Publishers)
INSERT INTO Publishers (Name, Address, ContactNumber) VALUES
('Народна библиотека', 'София, България', '+359 2 123 4567'),
('Просвета', 'София, България', '+359 2 234 5678'),
('Хермес', 'Пловдив, България', '+359 32 345 6789'),
('Колибри', 'София, България', '+359 2 456 7890'),
('Изток-Запад', 'София, България', '+359 2 567 8901'),
('Труд', 'София, България', '+359 2 678 9012'),
('Oxford University Press', 'Oxford, UK', '+44 1865 556767'),
('Penguin Books', 'London, UK', '+44 20 7139 3000'),
('Cambridge University Press', 'Cambridge, UK', '+44 1223 358331');

-- ЕЗИЦИ (Languages)
INSERT INTO Languages (Name) VALUES
('Български'),
('Английски'),
('Немски'),
('Френски'),
('Руски'),
('Испански'),
('Италиански'),
('Гръцки');

-- АВТОРИ (Authors)
INSERT INTO Authors (FullName, Country, Biography) VALUES
('Иван Вазов', 'България', 'Български поет и писател, наричан патриарх на българската литература'),
('Димитър Димов', 'България', 'Български писател, автор на "Тютюн"'),
('Йордан Йовков', 'България', 'Известен български писател'),
('Христо Ботев', 'България', 'Български поет и революционер'),
('Пенчо Славейков', 'България', 'Български поет'),
('William Shakespeare', 'Англия', 'Английски драматург и поет'),
('Leo Tolstoy', 'Русия', 'Руски писател'),
('Fyodor Dostoevsky', 'Русия', 'Руски писател и философ'),
('Gabriel García Márquez', 'Колумбия', 'Колумбийски писател, носител на Нобелова награда'),
('George Orwell', 'Англия', 'Английски писател и журналист');

-- ДЪРЖАВИ (Countries)
INSERT INTO Countries (Name) VALUES
('България'),
('Англия'),
('Русия'),
('Франция'),
('Германия'),
('Испания'),
('Италия'),
('Гърция'),
('САЩ'),
('Колумбия');

-- ОБЛАСТИ НА ИЗСЛЕДВАНЕ (FieldsOfStudy)
INSERT INTO FieldsOfStudy (Name) VALUES
('Литература'),
('История'),
('Математика'),
('Физика'),
('Химия'),
('Биология'),
('Информатика'),
('Икономика'),
('Право'),
('Медицина'),
('Изкуство'),
('Музика'),
('Философия'),
('Психология'),
('Социология');
